date,amount,category,note,payMethod
2026-08-21,32,餐饮,午饭 面馆,支付宝
2026-08-21,18,餐饮,咖啡,微信
2026-08-21,6,交通,地铁,微信
2026-08-20,68,餐饮,晚饭 火锅,支付宝
2026-08-19,28,交通,打车回家,微信
2026-08-18,86.5,日用,超市采购,银行卡
2026-08-17,15,餐饮,早饭 包子,微信
2026-08-16,80,娱乐,电影,支付宝
2026-08-15,45,餐饮,外卖,美团
2026-08-14,120,住房,水电费,银行卡
2026-08-13,2,交通,共享单车,支付宝
2026-08-12,35,日用,洗发水,微信
2026-08-11,42,餐饮,午饭 简餐,支付宝
2026-08-10,45,医疗,药店 感冒药,微信
2026-08-08,26,餐饮,奶茶,微信
2026-08-06,90,娱乐,游戏会员,支付宝
2026-08-04,38,餐饮,晚饭 食堂,微信
2026-08-02,12,交通,地铁月通勤补票,微信
2026-07-30,58,餐饮,晚饭 烧烤,支付宝
2026-07-28,210,日用,超市囤货,银行卡
2026-07-25,16,餐饮,早饭,微信
2026-07-22,36,交通,打车去车站,微信
2026-07-20,99,娱乐,展览门票,支付宝
2026-07-18,72,餐饮,午饭 同事聚餐,支付宝
2026-07-15,48,医疗,体检复查挂号,微信
2026-07-12,24,日用,纸巾洗衣液,微信
2026-07-10,19.9,餐饮,咖啡,微信
2026-07-08,6,交通,地铁,微信
2026-07-06,150,住房,宽带,银行卡
2026-07-04,33,餐饮,晚饭,支付宝
2026-06-28,41,餐饮,午饭,支付宝
2026-06-25,88,娱乐,演唱会周边,微信
2026-06-22,27,交通,打车,微信
2026-06-18,63.8,日用,水果零食,微信
2026-06-15,22,餐饮,早饭+咖啡,微信
2026-06-12,18,医疗,创可贴创可贴不够又买了,微信
2026-06-08,55,餐饮,晚饭,支付宝
2026-06-03,9,交通,公交,微信
