日期,账目明细,金额,备注
2026/9/26,交通,95.00,高速费
2026/9/26,交通,100.00,加油
2026/9/26,交通,50.00,租电动车
2026/9/26,餐饮,250.00,肥婆肥佬海鲜
2026/9/26,其他,6.45,一个高级感的矿泉水
2026/9/26,交通,83.50,高速 · 浙江萧山站-东坑
2026/9/26,餐饮,82.85,好想来
2026/9/26,住房,92.00,泊曼尼酒店（龙王头店）
2026/9/26,日用,22.00,拖鞋
2026/9/26,餐饮,8.00,肥婆肥仔海鲜大排档海鲜地方买水
2026/9/26,餐饮,12.50,肥婆肥仔海鲜买吃的
2026/9/26,餐饮,18.00,烤巴沙鱼
2026/9/26,餐饮,6.50,冰饭
2026/9/26,餐饮,5.00,椰子
2026/9/26,餐饮,119.00,不好吃的海鲜大餐（老板真的会做生意，下次正餐找餐厅解决比较可靠）
2026/9/27,餐饮,10.00,绵绵冰
2026/9/27,餐饮,19.00,捞汁海鲜
2026/9/27,餐饮,10.00,海蛎煎
2026/9/27,餐饮,25.00,水果-桃子 苹果 百香果 橘子
2026/9/27,交通,32.00,平潭到福州高速收费
2026/9/27,餐饮,25.00,陈赫推荐捞化店阿信鲜捞
2026/9/27,餐饮,5.92,酒店打车去捞化店
2026/9/27,餐饮,30.44,壹号煎包（达道店）（不好吃）
2026/9/27,餐饮,10.30,超市买水
2026/9/27,餐饮,5.00,吃完捞化吃完鲨鱼汤后地铁口吃的饮品绿豆汤跟茅草水
2026/9/27,餐饮,35.00,阿信鲜捞（达道店）
2026/9/27,住房,104.00,海西时代酒店（福州南公园地铁站店）
2026/9/27,餐饮,80.00,毛记潮汕海鲜砂锅粥老店
2026/9/28,餐饮,39.90,朱富贵火锅
2026/9/28,餐饮,39.90,朱富贵火锅
2026/9/28,餐饮,142.70,朱富贵火锅
2026/9/28,餐饮,12.40,蜜雪冰城
2026/9/28,餐饮,35.50,唐沫茶兮
2026/9/28,交通,5.85,酒店到三坊七巷
2026/9/28,交通,5.75,到烟台山公园打车
2026/9/28,餐饮,3.69,打车费
2026/9/28,餐饮,40.00,买槟榔
2026/9/29,交通,190.50,福建福州南站-江西萍乡南站高速通行费
2026/9/29,餐饮,137.30,老萍巷莲花血鸭南正街店
2026/9/29,住房,78.00,萍乡钟点房
2026/9/29,住房,135.60,麓遇酒店（长沙中南大学铁道学院店）
2026/9/29,交通,28.00,江西萍乡南站-榔梨东高速通行费
2026/9/29,住房,237.82,麓遇酒店（9.30-10.1涨价）
2026/9/29,餐饮,6.00,小吃街买水
2026/9/29,餐饮,17.00,驴肉火烧
2026/9/29,餐饮,12.50,酸辣粉
2026/9/30,餐饮,19.95,茶颜悦色饮品
2026/9/30,餐饮,12.50,羊拐骨
2026/9/30,餐饮,9.00,土豆拼包浆小豆腐
2026/9/30,餐饮,10.00,长沙臭豆腐
2026/9/30,餐饮,8.00,培根虾滑芝士卷
2026/9/30,娱乐,80.00,橘子洲头小火车
2026/9/30,交通,9.50,扬帆小区到麓遇酒店打车
2026/9/30,交通,11.54,麓遇酒店到湘江中路打车
2026/9/30,交通,199.94,长沙加油
2026/9/30,交通,153.85,福建高速露营地加油
2026/9/30,餐饮,7.50,长沙扬帆夜市吃的爆肚粉（依旧难吃依旧吃）
2026/9/30,餐饮,5.00,长沙扬帆夜市软籽石榴
2026/10/1,娱乐,170.45,长沙按摩（正规按摩）
2026/10/1,娱乐,46.25,长沙解放西酒吧（清吧烟味重不透气）
2026/10/1,交通,11.18,回酒店打车
2026/10/1,餐饮,5.00,糖油坨坨
2026/10/1,餐饮,15.00,槟榔
2026/10/1,日用,6.00,文创挂饰
2026/10/1,餐饮,8.95,古德墨柠奶茶
2026/10/1,餐饮,7.50,蜜雪冰城
2026/10/1,交通,6.95,湖南博物馆到五一广场
2026/10/1,餐饮,9.71,麓遇酒店到湖南省博物馆打车
2026/10/1,餐饮,123.00,君君家常馆
2026/10/1,餐饮,193.90,景德镇民宿
2026/10/1,餐饮,25.50,高速买吃的
2026/10/1,餐饮,12.50,笨萝卜旁边槟榔
2026/10/1,餐饮,17.50,长沙桂花糕
2026/10/2,餐饮,28.00,牛骨粉
2026/10/2,餐饮,3.00,油条包麻糍
2026/10/2,餐饮,10.00,景德镇烤香肠
2026/10/2,餐饮,39.50,景德镇早餐粉面蒸饺瓦罐汤
2026/10/2,餐饮,114.10,长沙笨萝卜吃饭
2026/10/2,餐饮,10.00,长沙去酒吧路上买的臭豆腐
2026/10/2,餐饮,7.50,长沙五一广场买的毛豆腐
2026/10/2,餐饮,10.00,长沙去酒吧路上买的羊肉串
2026/10/2,餐饮,54.00,长沙酒店下面吃的粉店吃了羊肉粉炒菜羊肉水饺
2026/10/2,餐饮,4.50,蜜雪冰城
2026/10/2,餐饮,29.10,景德镇旁瑞幸咖啡
2026/10/2,餐饮,3.50,民宿旁烧饼
2026/10/3,餐饮,183.45,江西景德镇陶瓷工厂欧记大排档吃饭辣椒炒肉秘制小黄鱼王牌鸡脚好吃别的不好吃
2026/10/3,日用,140.00,茶具套装
2026/10/3,交通,7.26,陶阳新村打车到住的地方
2026/10/3,日用,8.00,项链
2026/10/3,餐饮,97.00,景德镇旅馆芳芳大排档吃饭
2026/10/3,餐饮,122.00,景德镇李家坳不好吃的饭所有的饭都难吃
2026/10/3,餐饮,4.00,油条包麻糍雕塑瓷厂店（不好吃）
2026/10/3,交通,7.79,雕塑瓷厂到民宿停车地
2026/10/3,交通,5.62,民宿到陶溪川文创街
2026/10/3,日用,130.00,茶具套装
2026/10/4,交通,197.65,景德镇回杭州休宁服务区加油
2026/10/4,娱乐,60.00,景德镇玩泥巴
2026/10/5,餐饮,30.00,杭州柳星螺狮粉
2026/10/5,餐饮,15.36,杭州临榆炸鸡腿
2026/10/5,餐饮,8.00,杭州柳星螺狮粉可乐豆奶
